INSERT INTO part (partid, name) VALUES ('prt-1', 'Saddle');
INSERT INTO part (partid, name) VALUES ('prt-2', 'Frame');
INSERT INTO part (partid, name) VALUES ('prt-3', 'Wheels');
INSERT INTO part (partid, name) VALUES ('prt-4', 'Front set');
INSERT INTO part (partid, name) VALUES ('prt-5', 'Pedal Unit');
INSERT INTO material (materialid, name) VALUES ('mat-1', 'Handlebar grip');
INSERT INTO material (materialid, name) VALUES ('mat-2', 'Head tube');
INSERT INTO material (materialid, name) VALUES ('mat-3', 'Shock absorber');
INSERT INTO material (materialid, name) VALUES ('mat-4', 'Front brakes');
INSERT INTO material (materialid, name) VALUES ('mat-5', 'Fork');
INSERT INTO material (materialid, name) VALUES ('mat-6', 'Seat post');
INSERT INTO material (materialid, name) VALUES ('mat-7', 'Saddle seat');
INSERT INTO material (materialid, name) VALUES ('mat-8', 'Bone');
INSERT INTO material (materialid, name) VALUES ('mat-9', 'Top tube');
INSERT INTO material (materialid, name) VALUES ('mat-10', 'Down tube');
INSERT INTO material (materialid, name) VALUES ('mat-11', 'Seat tube');
INSERT INTO material (materialid, name) VALUES ('mat-12', 'Seat stay');
INSERT INTO material (materialid, name) VALUES ('mat-13', 'Chain stay');
INSERT INTO material (materialid, name) VALUES ('mat-14', 'Rear brakes');
INSERT INTO material (materialid, name) VALUES ('mat-15', 'Chain');
INSERT INTO material (materialid, name) VALUES ('mat-16', 'Derailleur');
INSERT INTO material (materialid, name) VALUES ('mat-17', 'Chain rings');
INSERT INTO material (materialid, name) VALUES ('mat-18', 'Pedal');
INSERT INTO material (materialid, name) VALUES ('mat-19', 'Crank arm');
INSERT INTO material (materialid, name) VALUES ('mat-20', 'Hub');
INSERT INTO material (materialid, name) VALUES ('mat-21', 'Rim');
INSERT INTO material (materialid, name) VALUES ('mat-22', 'Spokes');
INSERT INTO material (materialid, name) VALUES ('mat-23', 'Tire');
INSERT INTO material (materialid, name) VALUES ('mat-24', 'Valve');
INSERT INTO part_material (id, part_id, material_id ,material_quantity) VALUES ('prtmat-1','prt-4','mat-1',2);
INSERT INTO part_material (id, part_id, material_id ,material_quantity) VALUES ('prtmat-2','prt-4','mat-2',1);
INSERT INTO part_material (id, part_id, material_id ,material_quantity) VALUES ('prtmat-3','prt-4','mat-3',2);
INSERT INTO part_material (id, part_id, material_id ,material_quantity) VALUES ('prtmat-4','prt-4','mat-4',1);
INSERT INTO part_material (id, part_id, material_id ,material_quantity) VALUES ('prtmat-5','prt-4','mat-5',2);
INSERT INTO part_material (id, part_id, material_id ,material_quantity) VALUES ('prtmat-6','prt-1','mat-6',1);
INSERT INTO part_material (id, part_id, material_id ,material_quantity) VALUES ('prtmat-7','prt-1','mat-7',1);
INSERT INTO part_material (id, part_id, material_id ,material_quantity) VALUES ('prtmat-8','prt-1','mat-8',1);
INSERT INTO part_material (id, part_id, material_id ,material_quantity) VALUES ('prtmat-9','prt-2','mat-9',1);
INSERT INTO part_material (id, part_id, material_id ,material_quantity) VALUES ('prtmat-10','prt-2','mat-10',1);
INSERT INTO part_material (id, part_id, material_id ,material_quantity) VALUES ('prtmat-11','prt-2','mat-11',1);
INSERT INTO part_material (id, part_id, material_id ,material_quantity) VALUES ('prtmat-12','prt-2','mat-12',2);
INSERT INTO part_material (id, part_id, material_id ,material_quantity) VALUES ('prtmat-13','prt-2','mat-13',2);
INSERT INTO part_material (id, part_id, material_id ,material_quantity) VALUES ('prtmat-14','prt-2','mat-14',1);
INSERT INTO part_material (id, part_id, material_id ,material_quantity) VALUES ('prtmat-15','prt-2','mat-15',1);
INSERT INTO part_material (id, part_id, material_id ,material_quantity) VALUES ('prtmat-16','prt-2','mat-16',2);
INSERT INTO part_material (id, part_id, material_id ,material_quantity) VALUES ('prtmat-17','prt-2','mat-17',1);
INSERT INTO part_material (id, part_id, material_id ,material_quantity) VALUES ('prtmat-18','prt-5','mat-18',2);
INSERT INTO part_material (id, part_id, material_id ,material_quantity) VALUES ('prtmat-19','prt-5','mat-19',2);
INSERT INTO part_material (id, part_id, material_id ,material_quantity) VALUES ('prtmat-20','prt-3','mat-20',1);
INSERT INTO part_material (id, part_id, material_id ,material_quantity) VALUES ('prtmat-21','prt-3','mat-21',1);
INSERT INTO part_material (id, part_id, material_id ,material_quantity) VALUES ('prtmat-22','prt-3','mat-22',32);
INSERT INTO part_material (id, part_id, material_id ,material_quantity) VALUES ('prtmat-23','prt-3','mat-23',2);
INSERT INTO part_material (id, part_id, material_id ,material_quantity) VALUES ('prtmat-24','prt-3','mat-24',2);
