INSERT INTO part (partid, name) VALUES (1, 'Saddle');
INSERT INTO part (partid, name) VALUES (2, 'Frame');
INSERT INTO part (partid, name) VALUES (3, 'Wheels');
INSERT INTO part (partid, name) VALUES (4, 'Front set');
INSERT INTO part (partid, name) VALUES (5, 'Pedal Unit');
INSERT INTO material (materialid, name) VALUES (1, 'Handlebar grip');
INSERT INTO material (materialid, name) VALUES (2, 'Head tube');
INSERT INTO material (materialid, name) VALUES (3, 'Shock absorber');
INSERT INTO material (materialid, name) VALUES (4, 'Front brakes');
INSERT INTO material (materialid, name) VALUES (5, 'Fork');
INSERT INTO material (materialid, name) VALUES (6, 'Seat post');
INSERT INTO material (materialid, name) VALUES (7, 'Saddle seat');
INSERT INTO material (materialid, name) VALUES (8, 'Bone');
INSERT INTO material (materialid, name) VALUES (9, 'Top tube');
INSERT INTO material (materialid, name) VALUES (10, 'Down tube');
INSERT INTO material (materialid, name) VALUES (11, 'Seat tube');
INSERT INTO material (materialid, name) VALUES (12, 'Seat stay');
INSERT INTO material (materialid, name) VALUES (13, 'Chain stay');
INSERT INTO material (materialid, name) VALUES (14, 'Rear brakes');
INSERT INTO material (materialid, name) VALUES (15, 'Chain');
INSERT INTO material (materialid, name) VALUES (16, 'Derailleur');
INSERT INTO material (materialid, name) VALUES (17, 'Chain rings');
INSERT INTO material (materialid, name) VALUES (18, 'Pedal');
INSERT INTO material (materialid, name) VALUES (19, 'Crank arm');
INSERT INTO material (materialid, name) VALUES (20, 'Hub');
INSERT INTO material (materialid, name) VALUES (21, 'Rim');
INSERT INTO material (materialid, name) VALUES (22, 'Spokes');
INSERT INTO material (materialid, name) VALUES (23, 'Tire');
INSERT INTO material (materialid, name) VALUES (24, 'Valve');
INSERT INTO part_material (id, part_id, material_id ,material_quantity) VALUES (1,4,1,2);
INSERT INTO part_material (id, part_id, material_id ,material_quantity) VALUES (2,4,2,1);
INSERT INTO part_material (id, part_id, material_id ,material_quantity) VALUES (3,4,3,2);
INSERT INTO part_material (id, part_id, material_id ,material_quantity) VALUES (4,4,4,1);
INSERT INTO part_material (id, part_id, material_id ,material_quantity) VALUES (5,4,5,2);
INSERT INTO part_material (id, part_id, material_id ,material_quantity) VALUES (6,1,6,1);
INSERT INTO part_material (id, part_id, material_id ,material_quantity) VALUES (7,1,7,1);
INSERT INTO part_material (id, part_id, material_id ,material_quantity) VALUES (8,1,8,1);
INSERT INTO part_material (id, part_id, material_id ,material_quantity) VALUES (9,2,9,1);
INSERT INTO part_material (id, part_id, material_id ,material_quantity) VALUES (10,2,10,1);
INSERT INTO part_material (id, part_id, material_id ,material_quantity) VALUES (11,2,11,1);
INSERT INTO part_material (id, part_id, material_id ,material_quantity) VALUES (12,2,12,2);
INSERT INTO part_material (id, part_id, material_id ,material_quantity) VALUES (13,2,13,2);
INSERT INTO part_material (id, part_id, material_id ,material_quantity) VALUES (14,2,14,1);
INSERT INTO part_material (id, part_id, material_id ,material_quantity) VALUES (15,2,15,1);
INSERT INTO part_material (id, part_id, material_id ,material_quantity) VALUES (16,2,16,2);
INSERT INTO part_material (id, part_id, material_id ,material_quantity) VALUES (17,2,17,1);
INSERT INTO part_material (id, part_id, material_id ,material_quantity) VALUES (18,5,18,2);
INSERT INTO part_material (id, part_id, material_id ,material_quantity) VALUES (19,5,19,2);
INSERT INTO part_material (id, part_id, material_id ,material_quantity) VALUES (20,3,20,1);
INSERT INTO part_material (id, part_id, material_id ,material_quantity) VALUES (21,3,21,1);
INSERT INTO part_material (id, part_id, material_id ,material_quantity) VALUES (22,3,22,32);
INSERT INTO part_material (id, part_id, material_id ,material_quantity) VALUES (23,3,23,2);
INSERT INTO part_material (id, part_id, material_id ,material_quantity) VALUES (24,3,24,2);
